{"cameraMode":{"drawMode":0,"name":"Shaded","section":"Shading Mode"},"sceneLighting":true,"audioPlay":false,"sceneViewState":{"showFog":true,"showMaterialUpdate":false,"showSkybox":true,"showFlares":true,"showImageEffects":true,"showParticleSystems":true},"in2DMode":false,"pivot":{"x":-8.723237037658692,"y":8.263104438781739,"z":93.05120086669922},"rotation":{"x":-0.012309030629694462,"y":-0.010463375598192215,"z":0.00011733509745681658,"w":-0.9998854994773865},"size":50.625057220458987,"orthographic":false}