{"cameraMode":{"drawMode":0,"name":"Shaded","section":"Shading Mode"},"sceneLighting":false,"audioPlay":false,"sceneViewState":{"showFog":true,"showMaterialUpdate":false,"showSkybox":false,"showFlares":true,"showImageEffects":true,"showParticleSystems":true},"in2DMode":false,"pivot":{"x":-0.47819089889526369,"y":0.44715583324432375,"z":-0.37556517124176028},"rotation":{"x":-0.0680847018957138,"y":-0.7937869429588318,"z":0.09038230776786804,"w":-0.5976116061210632},"size":2.852038860321045,"orthographic":false}