{"cameraMode":{"drawMode":0,"name":"Shaded","section":"Shading Mode"},"sceneLighting":false,"audioPlay":false,"sceneViewState":{"showFog":true,"showMaterialUpdate":false,"showSkybox":false,"showFlares":true,"showImageEffects":true,"showParticleSystems":true},"in2DMode":false,"pivot":{"x":-1.5357818603515626,"y":-2.234670639038086,"z":3.1951160430908205},"rotation":{"x":-0.13345886766910554,"y":0.5992497205734253,"z":-0.10220357775688172,"w":-0.782730221748352},"size":9.809258460998536,"orthographic":false}